{
  "x": [
    -0.2,
    -0.19,
    -0.18000000000000002,
    -0.17,
    -0.16,
    -0.15000000000000002,
    -0.14,
    -0.13,
    -0.12000000000000001,
    -0.11000000000000001,
    -0.1,
    -0.09000000000000001,
    -0.08000000000000002,
    -0.07,
    -0.06,
    -0.05000000000000002,
    -0.04000000000000001,
    -0.03,
    -0.020000000000000018,
    -0.010000000000000009,
    0,
    0.009999999999999981,
    0.01999999999999999,
    0.03,
    0.03999999999999998,
    0.04999999999999999,
    0.06,
    0.07,
    0.08000000000000002,
    0.08999999999999997,
    0.09999999999999998,
    0.10999999999999999,
    0.12,
    0.13,
    0.14,
    0.15000000000000002,
    0.15999999999999998,
    0.16999999999999998,
    0.18,
    0.19,
    0.2,
    0.21000000000000002,
    0.21999999999999997,
    0.22999999999999998,
    0.24,
    0.25,
    0.26,
    0.27,
    0.27999999999999997,
    0.29,
    0.3,
    0.31,
    0.32,
    0.33,
    0.34,
    0.35000000000000003,
    0.36000000000000004,
    0.37000000000000005,
    0.37999999999999995,
    0.38999999999999996,
    0.39999999999999997,
    0.41,
    0.42,
    0.43,
    0.44,
    0.45,
    0.46,
    0.47000000000000003,
    0.48000000000000004,
    0.49000000000000005,
    0.5,
    0.51,
    0.52,
    0.53,
    0.54,
    0.55,
    0.56,
    0.5700000000000001,
    0.5800000000000001,
    0.5900000000000001,
    0.6000000000000001,
    0.6100000000000001,
    0.6200000000000001,
    0.6300000000000001,
    0.6399999999999999,
    0.6499999999999999,
    0.6599999999999999,
    0.6699999999999999,
    0.6799999999999999,
    0.69,
    0.7,
    0.71,
    0.72,
    0.73,
    0.74,
    0.75,
    0.76,
    0.77,
    0.78,
    0.79,
    0.8,
    0.81,
    0.8200000000000001,
    0.8300000000000001,
    0.8400000000000001,
    0.8500000000000001,
    0.8600000000000001,
    0.8700000000000001,
    0.8800000000000001,
    0.8900000000000001,
    0.9000000000000001,
    0.9100000000000001,
    0.9200000000000002,
    0.9300000000000002,
    0.9400000000000002,
    0.9500000000000002,
    0.96,
    0.97,
    0.98,
    0.99,
    1,
    1.01,
    1.02,
    1.03,
    1.04,
    1.05,
    1.06,
    1.07,
    1.08,
    1.09,
    1.1,
    1.11,
    1.12,
    1.1300000000000001,
    1.1400000000000001,
    1.1500000000000001,
    1.1600000000000001,
    1.1700000000000002,
    1.1800000000000002,
    1.1900000000000002,
    1.2000000000000002,
    1.21,
    1.22,
    1.23,
    1.24
  ],
  "y": [
    0.21951226047787864,
    0.2251218776601432,
    0.23317046320349133,
    0.24121904874683953,
    0.24390191617697105,
    0.24390191617697105,
    0.24390191617697105,
    0.24390191617697105,
    0.24390191617697105,
    0.24010790307586125,
    0.22222182855359734,
    0.20433575403133353,
    0.19512171158111172,
    0.19512171158111172,
    0.19512171158111172,
    0.203251723350616,
    0.22113779787287985,
    0.23902387239514372,
    0.24390191617697105,
    0.24390191617697105,
    0.24390191617697105,
    0.2395868301558131,
    0.2333956114881235,
    0.22720439282043384,
    0.22101317415274419,
    0.21951226047787864,
    0.21951226047787864,
    0.23024387601360635,
    0.26243882980392164,
    0.3078046116689865,
    0.36585341018344775,
    0.4317074701694307,
    0.351219643560536,
    0.2634146619590374,
    0.1707315460149497,
    0.10365852092710665,
    0.0543554403950224,
    0.01986067260116424,
    0,
    0,
    0,
    0,
    0,
    0,
    0.015609649393205118,
    0.03170712628836277,
    0.04780460318352042,
    0.1017070872108992,
    0.15804859531261167,
    0.21439010341432446,
    0.2378048762787241,
    0.2579268329309478,
    0.27804878958317153,
    0.30487794478629704,
    0.34959329484485907,
    0.3943086449034212,
    0.4341460975643642,
    0.4699185741146968,
    0.505691050665029,
    0.5268292668528528,
    0.5447153413751167,
    0.5642273825224932,
    0.5999998590728257,
    0.6357723356231583,
    0.6665189666133128,
    0.6884702164120653,
    0.7104214662108177,
    0.7323172835759706,
    0.7524392402281943,
    0.7725611968804179,
    0.7926831535326415,
    0.8048782884188882,
    0.8048782884188882,
    0.8048782884188882,
    0.8048782884188882,
    0.8048782884188882,
    0.8048782884188882,
    0.8048782884188882,
    0.8048782884188882,
    0.8048782884188882,
    0.8048782884188882,
    0.8048782884188882,
    0.8048782884188882,
    0.7956099044013224,
    0.7795121622266251,
    0.7634144200519275,
    0.7429265581610762,
    0.7187801954406378,
    0.6946338327201991,
    0.6829264371327284,
    0.6829264371327284,
    0.6829264371327284,
    0.6829264371327284,
    0.6829264371327284,
    0.6829264371327284,
    0.6829264371327284,
    0.6829264371327284,
    0.6832312514449361,
    0.6932923679377704,
    0.7033534844306044,
    0.7142856659796205,
    0.7257840472317932,
    0.72737149904217,
    0.7184282980281357,
    0.7094850970141013,
    0.7140920760589233,
    0.7230352770729579,
    0.7317075349262621,
    0.7317075349262621,
    0.7317075349262621,
    0.7347561749003565,
    0.7448169229485979,
    0.7548776709968392,
    0.7662018151066854,
    0.7777002264362628,
    0.7891986377658403,
    0.8006970490954176,
    0.8195123261918926,
    0.8425086676180805,
    0.8619512407849802,
    0.8780490419115146,
    0.864634240390463,
    0.8653657885641439,
    0.9297559319497463,
    0.9609757372600654,
    0.9756098144727028,
    0.9902438916853404,
    1,
    1,
    0.9668293304689064,
    0.9024387154746576,
    0.9382111642364913,
    0.9739836407868238,
    0.9874564424407415,
    0.941463338510208,
    0.8963413004332899,
    0.8560973871288425,
    0.8484315332620885,
    0.9059230184447955,
    0.9580487855646559,
    0.9902437983058362,
    0.9551219670365592,
    0.8878047032207913,
    0.8073174661194674,
    0.7447156946853158
  ]
}