{
  "x": [
    -0.2,
    -0.19,
    -0.18000000000000002,
    -0.17,
    -0.16,
    -0.15000000000000002,
    -0.14,
    -0.13,
    -0.12000000000000001,
    -0.11000000000000001,
    -0.1,
    -0.09000000000000001,
    -0.08000000000000002,
    -0.07,
    -0.06,
    -0.05000000000000002,
    -0.04000000000000001,
    -0.03,
    -0.020000000000000018,
    -0.010000000000000009,
    0,
    0.009999999999999981,
    0.01999999999999999,
    0.03,
    0.03999999999999998,
    0.04999999999999999,
    0.06,
    0.07,
    0.08000000000000002,
    0.08999999999999997,
    0.09999999999999998,
    0.10999999999999999,
    0.12,
    0.13,
    0.14,
    0.15000000000000002,
    0.15999999999999998,
    0.16999999999999998,
    0.18,
    0.19,
    0.2,
    0.21000000000000002,
    0.21999999999999997,
    0.22999999999999998,
    0.24,
    0.25,
    0.26,
    0.27,
    0.27999999999999997,
    0.29,
    0.3,
    0.31,
    0.32,
    0.33,
    0.34,
    0.35000000000000003,
    0.36000000000000004,
    0.37000000000000005,
    0.37999999999999995,
    0.38999999999999996,
    0.39999999999999997,
    0.41,
    0.42,
    0.43,
    0.44,
    0.45,
    0.46,
    0.47000000000000003,
    0.48000000000000004,
    0.49000000000000005,
    0.5,
    0.51,
    0.52,
    0.53,
    0.54,
    0.55,
    0.56,
    0.5700000000000001,
    0.5800000000000001,
    0.5900000000000001,
    0.6000000000000001,
    0.6100000000000001,
    0.6200000000000001,
    0.6300000000000001,
    0.6399999999999999,
    0.6499999999999999,
    0.6599999999999999,
    0.6699999999999999,
    0.6799999999999999,
    0.69,
    0.7,
    0.71,
    0.72,
    0.73,
    0.74,
    0.75,
    0.76,
    0.77,
    0.78,
    0.79,
    0.8,
    0.81,
    0.8200000000000001,
    0.8300000000000001,
    0.8400000000000001,
    0.8500000000000001,
    0.8600000000000001,
    0.8700000000000001,
    0.8800000000000001,
    0.8900000000000001,
    0.9000000000000001,
    0.9100000000000001,
    0.9200000000000002,
    0.9300000000000002,
    0.9400000000000002,
    0.9500000000000002,
    0.96,
    0.97,
    0.98,
    0.99,
    1,
    1.01,
    1.02,
    1.03,
    1.04,
    1.05,
    1.06,
    1.07,
    1.08,
    1.09,
    1.1,
    1.11,
    1.12,
    1.1300000000000001,
    1.1400000000000001,
    1.1500000000000001,
    1.1600000000000001,
    1.1700000000000002,
    1.1800000000000002,
    1.1900000000000002,
    1.2000000000000002,
    1.21,
    1.22,
    1.23,
    1.24
  ],
  "y": [
    0.018072508436639004,
    0.02222903046826208,
    0.02819273922901292,
    0.034156447989763784,
    0.03614435504633119,
    0.03614435504633119,
    0.03614435504633119,
    0.03614435504633119,
    0.03614435504633119,
    0.033333129515133134,
    0.020080199699157735,
    0.0068272698831823644,
    0,
    0,
    0,
    0.006024042628815823,
    0.019276972444791214,
    0.0325299022607666,
    0.03614435504633119,
    0.03614435504633119,
    0.03614435504633119,
    0.032947033458683904,
    0.028359565908097954,
    0.023772098357512005,
    0.019184630806926065,
    0.018072508436639004,
    0.018072508436639004,
    0.02602424470666262,
    0.049879532935530754,
    0.08349392509050962,
    0.1265059706713461,
    0.17530143073749366,
    0.11566288256079374,
    0.05060258902298154,
    -0.01807222440262157,
    -0.06777089321493454,
    -0.10430268028703672,
    -0.12986204693405143,
    -0.1445780820122716,
    -0.1445780820122716,
    -0.1445780820122716,
    -0.1445780820122716,
    -0.1445780820122716,
    -0.1445780820122716,
    -0.13301190031026525,
    -0.12108425619583117,
    -0.1091566120813971,
    -0.06921683452806242,
    -0.027469828964110724,
    0.014277176599841193,
    0.03162667053394212,
    0.0465363075781171,
    0.061445944622292095,
    0.08132537151869358,
    0.11445781739356892,
    0.14759026326844427,
    0.17710836482312206,
    0.20361446712494657,
    0.2301205694267708,
    0.2457832177749835,
    0.2590361475909589,
    0.27349385945896654,
    0.2999999617607911,
    0.32650606406261556,
    0.3492881978440104,
    0.3655532744875012,
    0.38181835113099194,
    0.3980423543600167,
    0.4129519914041917,
    0.42786162844836667,
    0.44277126549254153,
    0.45180741630040056,
    0.45180741630040056,
    0.45180741630040056,
    0.45180741630040056,
    0.45180741630040056,
    0.45180741630040056,
    0.45180741630040056,
    0.45180741630040056,
    0.45180741630040056,
    0.45180741630040056,
    0.45180741630040056,
    0.45180741630040056,
    0.4449398812949185,
    0.43301204061800697,
    0.42108419994109514,
    0.4059034404412471,
    0.38801186506808616,
    0.37012028969492516,
    0.3614455359441524,
    0.3614455359441524,
    0.3614455359441524,
    0.3614455359441524,
    0.3614455359441524,
    0.3614455359441524,
    0.3614455359441524,
    0.3614455359441524,
    0.3616713922482602,
    0.36912631314685695,
    0.37658123404545363,
    0.38468158242677486,
    0.3932014641673261,
    0.39437770814433615,
    0.3877511219014116,
    0.38112453565848703,
    0.3845381393460204,
    0.391164725588945,
    0.39759055281743044,
    0.39759055281743044,
    0.39759055281743044,
    0.39984948400775716,
    0.4073041319023293,
    0.4147587797969014,
    0.4231495581606486,
    0.4316694621874612,
    0.44018936621427385,
    0.4487092702410863,
    0.46265070532329633,
    0.47969015680081944,
    0.4940963954252951,
    0.5060242797833708,
    0.49608440041898394,
    0.4966264509729348,
    0.5443372021535672,
    0.5674699408733489,
    0.5783132591195764,
    0.5891565773658041,
    0.5963854983126722,
    0.5963854983126722,
    0.5718072402551375,
    0.5240961396296739,
    0.5506022213412328,
    0.5771083236430573,
    0.587091178993552,
    0.5530119640349267,
    0.519578177149895,
    0.48975890306154507,
    0.48407878453418723,
    0.5266778812333641,
    0.5653011762656801,
    0.5891565081749923,
    0.5631325103301402,
    0.5132528695155301,
    0.45361475814247043,
    0.40722912544593776
  ]
}