{
  "x": [
    -0.2,
    -0.19,
    -0.18000000000000002,
    -0.17,
    -0.16,
    -0.15000000000000002,
    -0.14,
    -0.13,
    -0.12000000000000001,
    -0.11000000000000001,
    -0.1,
    -0.09000000000000001,
    -0.08000000000000002,
    -0.07,
    -0.06,
    -0.05000000000000002,
    -0.04000000000000001,
    -0.03,
    -0.020000000000000018,
    -0.010000000000000009,
    0,
    0.009999999999999981,
    0.01999999999999999,
    0.03,
    0.03999999999999998,
    0.04999999999999999,
    0.06,
    0.07,
    0.08000000000000002,
    0.08999999999999997,
    0.09999999999999998,
    0.10999999999999999,
    0.12,
    0.13,
    0.14,
    0.15000000000000002,
    0.15999999999999998,
    0.16999999999999998,
    0.18,
    0.19,
    0.2,
    0.21000000000000002,
    0.21999999999999997,
    0.22999999999999998,
    0.24,
    0.25,
    0.26,
    0.27,
    0.27999999999999997,
    0.29,
    0.3,
    0.31,
    0.32,
    0.33,
    0.34,
    0.35000000000000003,
    0.36000000000000004,
    0.37000000000000005,
    0.37999999999999995,
    0.38999999999999996,
    0.39999999999999997,
    0.41,
    0.42,
    0.43,
    0.44,
    0.45,
    0.46,
    0.47000000000000003,
    0.48000000000000004,
    0.49000000000000005,
    0.5,
    0.51,
    0.52,
    0.53,
    0.54,
    0.55,
    0.56,
    0.5700000000000001,
    0.5800000000000001,
    0.5900000000000001,
    0.6000000000000001,
    0.6100000000000001,
    0.6200000000000001,
    0.6300000000000001,
    0.6399999999999999,
    0.6499999999999999,
    0.6599999999999999,
    0.6699999999999999,
    0.6799999999999999,
    0.69,
    0.7,
    0.71,
    0.72,
    0.73,
    0.74,
    0.75,
    0.76,
    0.77,
    0.78,
    0.79,
    0.8,
    0.81,
    0.8200000000000001,
    0.8300000000000001,
    0.8400000000000001,
    0.8500000000000001,
    0.8600000000000001,
    0.8700000000000001,
    0.8800000000000001,
    0.8900000000000001,
    0.9000000000000001,
    0.9100000000000001,
    0.9200000000000002,
    0.9300000000000002,
    0.9400000000000002,
    0.9500000000000002,
    0.96,
    0.97,
    0.98,
    0.99,
    1,
    1.01,
    1.02,
    1.03,
    1.04,
    1.05,
    1.06,
    1.07,
    1.08,
    1.09,
    1.1,
    1.11,
    1.12,
    1.1300000000000001,
    1.1400000000000001,
    1.1500000000000001,
    1.1600000000000001,
    1.1700000000000002,
    1.1800000000000002,
    1.1900000000000002,
    1.2000000000000002,
    1.21,
    1.22,
    1.23,
    1.24
  ],
  "y": [
    0.036797598932350496,
    0.036797598932350496,
    0.036797598932350496,
    0.036797598932350496,
    0.036797598932350496,
    0.036797598932350496,
    0.038680946803459466,
    0.05070537627755669,
    0.06174465727057685,
    0.05332754113475834,
    0.04577966854512529,
    0.04096991436943977,
    0.03702070656144219,
    0.038704151237261945,
    0.0403875959130817,
    0.04322036979568583,
    0.05444319559127717,
    0.06566602138686851,
    0.07056752757393579,
    0.0663589173292983,
    0.06215030708466079,
    0.05092754978776207,
    0.041507637844950915,
    0.039637144046121495,
    0.037766650247292075,
    0.06113623032575932,
    0.13029850191102982,
    0.31993748586317244,
    0.7908904754405758,
    0.9081215721134444,
    0.9683597504068325,
    1,
    0.966331584262087,
    0.7778082809480978,
    0.7925382711108665,
    0.8072682612736352,
    0.7000260188415586,
    0.6100406586087008,
    0.5073449912298161,
    0.4434561555443567,
    0.34610136722075735,
    0.33578642121655644,
    0.3550255134076947,
    0.40431135541543384,
    0.44662013415589547,
    0.4830064601085694,
    0.5162982239487701,
    0.5235128850931369,
    0.5359429696944364,
    0.5380726105025984,
    0.5296554718906622,
    0.5181284021258034,
    0.4984884227341724,
    0.4339232955119438,
    0.38788275856697846,
    0.3765247794816305,
    0.3765247794816305,
    0.3485352972082412,
    0.3226755153954561,
    0.3250585788348911,
    0.3377856988156124,
    0.32431828320140355,
    0.3454928645298602,
    0.3791614143357839,
    0.40078223519242323,
    0.39741535046449705,
    0.42215976556932927,
    0.42215976556932927,
    0.46039157444456286,
    0.48564293248464335,
    0.5083590522050024,
    0.524868847575946,
    0.5383362631901548,
    0.5395938067805596,
    0.5323791267641205,
    0.525396210793376,
    0.5186624413375235,
    0.5316430397953861,
    0.5387824458970372,
    0.5450293205787066,
    0.5685972670791979,
    0.5896096961759454,
    0.6110885773337723,
    0.6348796682204673,
    0.6298293935300082,
    0.6247791188395491,
    0.6194767797130187,
    0.6074522543057375,
    0.5954277288984561,
    0.5883116060256726,
    0.5875724337401875,
    0.5950543404368125,
    0.6025362471334376,
    0.599571235029782,
    0.5923565738854155,
    0.5996290475916605,
    0.6164632862850474,
    0.6092023907000843,
    0.5996290940139689,
    0.5977362377980397,
    0.5752906204562034,
    0.5427378039115377,
    0.4777669095023573,
    0.4637383087591756,
    0.42905576235108905,
    0.3656592234222467,
    0.35363481753816683,
    0.34161041165408706,
    0.3272969336407704,
    0.31286753586355026,
    0.2670012306744783,
    0.21543347913581354,
    0.16112797939035187,
    0.10964456243527372,
    0.0956160644401309,
    0.08324393890042159,
    0.07314340801413922,
    0.06304287712785661,
    0.054493913123833,
    0.048181063981169524,
    0.04186821483850605,
    0.0250339761451189,
    0.012024405884079721,
    0,
    0.010106146868481877,
    0.029698820223887926,
    0.04653305891727498,
    0.06651097920068322,
    0.08466381942528349,
    0.06782958073189643,
    0.05403760945312417,
    0.04562049010643065,
    0.082296787595973,
    0.172688064490262,
    0.24560270790798625,
    0.2666626361547126,
    0.2794541902759426,
    0.259253054524699,
    0.22893792631744908,
    0.21125361425701375,
    0.2064438695173006,
    0.2003882041726333,
    0.19317350528402324,
    0.19581015844175748,
    0.2126443971351445
  ]
}