{
  "x": [
    -0.2,
    -0.19,
    -0.18000000000000002,
    -0.17,
    -0.16,
    -0.15000000000000002,
    -0.14,
    -0.13,
    -0.12000000000000001,
    -0.11000000000000001,
    -0.1,
    -0.09000000000000001,
    -0.08000000000000002,
    -0.07,
    -0.06,
    -0.05000000000000002,
    -0.04000000000000001,
    -0.03,
    -0.020000000000000018,
    -0.010000000000000009,
    0,
    0.009999999999999981,
    0.01999999999999999,
    0.03,
    0.03999999999999998,
    0.04999999999999999,
    0.06,
    0.07,
    0.08000000000000002,
    0.08999999999999997,
    0.09999999999999998,
    0.10999999999999999,
    0.12,
    0.13,
    0.14,
    0.15000000000000002,
    0.15999999999999998,
    0.16999999999999998,
    0.18,
    0.19,
    0.2,
    0.21000000000000002,
    0.21999999999999997,
    0.22999999999999998,
    0.24,
    0.25,
    0.26,
    0.27,
    0.27999999999999997,
    0.29,
    0.3,
    0.31,
    0.32,
    0.33,
    0.34,
    0.35000000000000003,
    0.36000000000000004,
    0.37000000000000005,
    0.37999999999999995,
    0.38999999999999996,
    0.39999999999999997,
    0.41,
    0.42,
    0.43,
    0.44,
    0.45,
    0.46,
    0.47000000000000003,
    0.48000000000000004,
    0.49000000000000005,
    0.5,
    0.51,
    0.52,
    0.53,
    0.54,
    0.55,
    0.56,
    0.5700000000000001,
    0.5800000000000001,
    0.5900000000000001,
    0.6000000000000001,
    0.6100000000000001,
    0.6200000000000001,
    0.6300000000000001,
    0.6399999999999999,
    0.6499999999999999,
    0.6599999999999999,
    0.6699999999999999,
    0.6799999999999999,
    0.69,
    0.7,
    0.71,
    0.72,
    0.73,
    0.74,
    0.75,
    0.76,
    0.77,
    0.78,
    0.79,
    0.8,
    0.81,
    0.8200000000000001,
    0.8300000000000001,
    0.8400000000000001,
    0.8500000000000001,
    0.8600000000000001,
    0.8700000000000001,
    0.8800000000000001,
    0.8900000000000001,
    0.9000000000000001,
    0.9100000000000001,
    0.9200000000000002,
    0.9300000000000002,
    0.9400000000000002,
    0.9500000000000002,
    0.96,
    0.97,
    0.98,
    0.99,
    1,
    1.01,
    1.02,
    1.03,
    1.04,
    1.05,
    1.06,
    1.07,
    1.08,
    1.09,
    1.1,
    1.11,
    1.12,
    1.1300000000000001,
    1.1400000000000001,
    1.1500000000000001,
    1.1600000000000001,
    1.1700000000000002,
    1.1800000000000002,
    1.1900000000000002,
    1.2000000000000002,
    1.21,
    1.22,
    1.23,
    1.24
  ],
  "y": [
    0.017964288518038846,
    0.017964288518038846,
    0.017964288518038846,
    0.017964288518038846,
    0.017964288518038846,
    0.017964288518038846,
    0.024636654392835956,
    0.06723706513884872,
    0.106347270380301,
    0.0765269279303586,
    0.049786160456142925,
    0.03274605856083562,
    0.018754719087767734,
    0.02471886356652223,
    0.030683008045276725,
    0.04071902108102815,
    0.08047949284836192,
    0.1202399646156957,
    0.13760512753614818,
    0.12269477145832722,
    0.10778441538050626,
    0.0680241862918333,
    0.03465111700655189,
    0.02802429081910937,
    0.021397464631666863,
    0.10419172214293948,
    0.34922132492008223,
    1.021078449386633,
    2.6895809626475655,
    3.104909846336218,
    3.3183229769481843,
    3.4304187426291164,
    3.311137545738043,
    2.6432330789463614,
    2.695418809052761,
    2.7476045391591604,
    2.3676643859259907,
    2.0488622909654337,
    1.685029842897884,
    1.4586830837316302,
    1.1137724183557298,
    1.077228402895496,
    1.14538907791866,
    1.3200000328929218,
    1.4698924960978055,
    1.5988027645193843,
    1.716749550860221,
    1.7423098095656675,
    1.7863473841353175,
    1.7938923219940826,
    1.764071899915261,
    1.7232335459843107,
    1.6536525990521465,
    1.4249098594934357,
    1.2617964420088401,
    1.2215571462216466,
    1.2215571462216466,
    1.1223953985492776,
    1.0307788000736455,
    1.0392215691524138,
    1.0843114871365036,
    1.0365988336514917,
    1.111616601763507,
    1.2308982736336498,
    1.307496988869405,
    1.2955687162928882,
    1.383233769292406,
    1.383233769292406,
    1.5186822548240064,
    1.6081433163005072,
    1.6886224802165606,
    1.7471137429953811,
    1.7948263964803928,
    1.7992816493136075,
    1.7737213237477718,
    1.7489820968930234,
    1.7251255517399897,
    1.7711134987960415,
    1.7964071422963923,
    1.818538706034302,
    1.902035740427808,
    1.976479032080123,
    2.052574880258144,
    2.1368624754452763,
    2.11897025222943,
    2.1010780290135833,
    2.0822927864212892,
    2.0396920358011017,
    1.9970912851809137,
    1.9718801300111228,
    1.9692613743319807,
    1.99576843640309,
    2.0222754984741993,
    2.011770988987515,
    1.9862107302820686,
    2.011975808591439,
    2.0716165162424396,
    2.045892457153427,
    2.011975973057405,
    2.0052699208113975,
    1.9257490986160601,
    1.810420270855068,
    1.580239970464998,
    1.5305391380771707,
    1.4076650569505011,
    1.1830624174604443,
    1.1404620902896592,
    1.097861763118874,
    1.0471516613311058,
    0.9960308764779575,
    0.8335347310545471,
    0.6508393772726677,
    0.4584446694898398,
    0.27604809810829156,
    0.2263476297384549,
    0.18251539379510073,
    0.14673101288660673,
    0.11094663197811189,
    0.08065917602780562,
    0.05829387653194165,
    0.03592857703607769,
    -0.023712130614923457,
    -0.06980271960654719,
    -0.11240304677733193,
    -0.0765987694447326,
    -0.007185419368476886,
    0.05245528828252391,
    0.12323349956960766,
    0.18754577745693532,
    0.12790506980593452,
    0.07904257344063227,
    0.04922221961513188,
    0.17915980551583557,
    0.4993999908691942,
    0.7577235783363091,
    0.8323351510121476,
    0.877653347673213,
    0.8060843237629496,
    0.6986832270016546,
    0.6360308609032811,
    0.6189907924379423,
    0.5975366493055015,
    0.5719762568789273,
    0.5813174491372555,
    0.6409581567882561
  ]
}