{
  "x": [
    -0.2,
    -0.19,
    -0.18000000000000002,
    -0.17,
    -0.16,
    -0.15000000000000002,
    -0.14,
    -0.13,
    -0.12000000000000001,
    -0.11000000000000001,
    -0.1,
    -0.09000000000000001,
    -0.08000000000000002,
    -0.07,
    -0.06,
    -0.05000000000000002,
    -0.04000000000000001,
    -0.03,
    -0.020000000000000018,
    -0.010000000000000009,
    0,
    0.009999999999999981,
    0.01999999999999999,
    0.03,
    0.03999999999999998,
    0.04999999999999999,
    0.06,
    0.07,
    0.08000000000000002,
    0.08999999999999997,
    0.09999999999999998,
    0.10999999999999999,
    0.12,
    0.13,
    0.14,
    0.15000000000000002,
    0.15999999999999998,
    0.16999999999999998,
    0.18,
    0.19,
    0.2,
    0.21000000000000002,
    0.21999999999999997,
    0.22999999999999998,
    0.24,
    0.25,
    0.26,
    0.27,
    0.27999999999999997,
    0.29,
    0.3,
    0.31,
    0.32,
    0.33,
    0.34,
    0.35000000000000003,
    0.36000000000000004,
    0.37000000000000005,
    0.37999999999999995,
    0.38999999999999996,
    0.39999999999999997,
    0.41,
    0.42,
    0.43,
    0.44,
    0.45,
    0.46,
    0.47000000000000003,
    0.48000000000000004,
    0.49000000000000005,
    0.5,
    0.51,
    0.52,
    0.53,
    0.54,
    0.55,
    0.56,
    0.5700000000000001,
    0.5800000000000001,
    0.5900000000000001,
    0.6000000000000001,
    0.6100000000000001,
    0.6200000000000001,
    0.6300000000000001,
    0.6399999999999999,
    0.6499999999999999,
    0.6599999999999999,
    0.6699999999999999,
    0.6799999999999999,
    0.69,
    0.7,
    0.71,
    0.72,
    0.73,
    0.74,
    0.75,
    0.76,
    0.77,
    0.78,
    0.79,
    0.8,
    0.81,
    0.8200000000000001,
    0.8300000000000001,
    0.8400000000000001,
    0.8500000000000001,
    0.8600000000000001,
    0.8700000000000001,
    0.8800000000000001,
    0.8900000000000001,
    0.9000000000000001,
    0.9100000000000001,
    0.9200000000000002,
    0.9300000000000002,
    0.9400000000000002,
    0.9500000000000002,
    0.96,
    0.97,
    0.98,
    0.99,
    1,
    1.01,
    1.02,
    1.03,
    1.04,
    1.05,
    1.06,
    1.07,
    1.08,
    1.09,
    1.1,
    1.11,
    1.12,
    1.1300000000000001,
    1.1400000000000001,
    1.1500000000000001,
    1.1600000000000001,
    1.1700000000000002,
    1.1800000000000002,
    1.1900000000000002,
    1.2000000000000002,
    1.21,
    1.22,
    1.23,
    1.24
  ],
  "y": [
    0.03571406773158482,
    0.03571406773158482,
    0.03571406773158482,
    0.03571406773158482,
    0.03571406773158482,
    0.03571406773158482,
    0.03571406773158482,
    0.03571406773158482,
    0.03571406773158482,
    0.03571406773158482,
    0.03571406773158482,
    0.03571406773158482,
    0.040389357872001666,
    0.05116851141437732,
    0.06194766495675297,
    0.07142813546316965,
    0.07142813546316965,
    0.07142813546316965,
    0.0620631133790993,
    0.04888859055534206,
    0.03571406773158482,
    0.03571406773158482,
    0.03571406773158482,
    0.03571406773158482,
    0.03571406773158482,
    0.03571406773158482,
    0.03571406773158482,
    0.03571406773158482,
    0.03571406773158482,
    0.03571406773158482,
    0.041071173804170254,
    0.055892517634791125,
    0.07071386146541199,
    0.14196417883457957,
    0.17842846474782975,
    0.19642835344587056,
    0.19642835344587056,
    0.18908145360700288,
    0.17214278878970107,
    0.16597402141395268,
    0.18214285714285713,
    0.1983116928717616,
    0.21488097862963487,
    0.2642856201443671,
    0.3139793982769829,
    0.36479570288699736,
    0.4138309381208074,
    0.4461685826640654,
    0.47850622720732316,
    0.5108438717505812,
    0.517856924874442,
    0.517856924874442,
    0.5190813718302717,
    0.5360200588016083,
    0.5529587457729448,
    0.5698977316921534,
    0.5868367288220048,
    0.5985064488064514,
    0.6092855978630978,
    0.6200647469197441,
    0.6249997820172991,
    0.6249997820172991,
    0.6242140701404475,
    0.618285422695812,
    0.6123567752511765,
    0.6080352866649337,
    0.615446085793538,
    0.6228568849221422,
    0.6203171988594878,
    0.6137298168305141,
    0.6071424348015405,
    0.6071424211774554,
    0.6071424211774554,
    0.6071424211774554,
    0.600356856482762,
    0.5904761452905867,
    0.5736428471374633,
    0.555857154481056,
    0.5380714618246488,
    0.5164285870620419,
    0.49419641017910987,
    0.47912693638258413,
    0.47253955435361045,
    0.46595217232463676,
    0.4642854963030134,
    0.4642854963030134,
    0.4636732277163333,
    0.4467345850530083,
    0.42979594238968327,
    0.421696364573298,
    0.4142855654446937,
    0.40457127826134665,
    0.39271417877196835,
    0.3808570792825901,
    0.37799994418508265,
    0.3839283636635477,
    0.3898567831420128,
    0.40017823444107176,
    0.4149998666222784,
    0.42857142857142855,
    0.42857142857142855,
    0.42857142857142855,
    0.4271428587777272,
    0.4073809539249963,
    0.3876190490722654,
    0.375,
    0.375,
    0.375,
    0.375,
    0.375,
    0.375,
    0.36742850460634935,
    0.3555711880056699,
    0.34371387140499043,
    0.3392852783203125,
    0.3392852783203125,
    0.3426980182708241,
    0.3492854002997977,
    0.35587278232877134,
    0.3571426391601562,
    0.3571426391601562,
    0.3571426391601562,
    0.3571426391601562,
    0.3571426391601562,
    0.3278570333208353,
    0.31249957970254616,
    0.36190422121727794,
    0.3928567068917411,
    0.3928567068917411,
    0.4711896739224357,
    0.5139283174244039,
    0.5079996591240642,
    0.5020710008237245,
    0.4999995640345982,
    0.4999995640345982,
    0.4999995640345982,
    0.4999995640345982,
    0.4999995640345982,
    0.4999995640345982,
    0.5004757620493785,
    0.5202379081362994,
    0.5283673340600142,
    0.49448973857566086,
    0.46171416183442987,
    0.4379999628556733
  ]
}