{
  "x": [
    -0.2,
    -0.19,
    -0.18000000000000002,
    -0.17,
    -0.16,
    -0.15000000000000002,
    -0.14,
    -0.13,
    -0.12000000000000001,
    -0.11000000000000001,
    -0.1,
    -0.09000000000000001,
    -0.08000000000000002,
    -0.07,
    -0.06,
    -0.05000000000000002,
    -0.04000000000000001,
    -0.03,
    -0.020000000000000018,
    -0.010000000000000009,
    0,
    0.009999999999999981,
    0.01999999999999999,
    0.03,
    0.03999999999999998,
    0.04999999999999999,
    0.06,
    0.07,
    0.08000000000000002,
    0.08999999999999997,
    0.09999999999999998,
    0.10999999999999999,
    0.12,
    0.13,
    0.14,
    0.15000000000000002,
    0.15999999999999998,
    0.16999999999999998,
    0.18,
    0.19,
    0.2,
    0.21000000000000002,
    0.21999999999999997,
    0.22999999999999998,
    0.24,
    0.25,
    0.26,
    0.27,
    0.27999999999999997,
    0.29,
    0.3,
    0.31,
    0.32,
    0.33,
    0.34,
    0.35000000000000003,
    0.36000000000000004,
    0.37000000000000005,
    0.37999999999999995,
    0.38999999999999996,
    0.39999999999999997,
    0.41,
    0.42,
    0.43,
    0.44,
    0.45,
    0.46,
    0.47000000000000003,
    0.48000000000000004,
    0.49000000000000005,
    0.5,
    0.51,
    0.52,
    0.53,
    0.54,
    0.55,
    0.56,
    0.5700000000000001,
    0.5800000000000001,
    0.5900000000000001,
    0.6000000000000001,
    0.6100000000000001,
    0.6200000000000001,
    0.6300000000000001,
    0.6399999999999999,
    0.6499999999999999,
    0.6599999999999999,
    0.6699999999999999,
    0.6799999999999999,
    0.69,
    0.7,
    0.71,
    0.72,
    0.73,
    0.74,
    0.75,
    0.76,
    0.77,
    0.78,
    0.79,
    0.8,
    0.81,
    0.8200000000000001,
    0.8300000000000001,
    0.8400000000000001,
    0.8500000000000001,
    0.8600000000000001,
    0.8700000000000001,
    0.8800000000000001,
    0.8900000000000001,
    0.9000000000000001,
    0.9100000000000001,
    0.9200000000000002,
    0.9300000000000002,
    0.9400000000000002,
    0.9500000000000002,
    0.96,
    0.97,
    0.98,
    0.99,
    1,
    1.01,
    1.02,
    1.03,
    1.04,
    1.05,
    1.06,
    1.07,
    1.08,
    1.09,
    1.1,
    1.11,
    1.12,
    1.1300000000000001,
    1.1400000000000001,
    1.1500000000000001,
    1.1600000000000001,
    1.1700000000000002,
    1.1800000000000002,
    1.1900000000000002,
    1.2000000000000002,
    1.21,
    1.22,
    1.23,
    1.24
  ],
  "y": [
    0,
    0,
    0,
    0,
    0,
    0,
    0,
    0,
    0,
    0,
    0,
    0,
    0.007933825692828583,
    0.026225722613223625,
    0.04451761953361867,
    0.06060569069602273,
    0.06060569069602273,
    0.06060569069602273,
    0.04471353200790335,
    0.022356766003951676,
    0,
    0,
    0,
    0,
    0,
    0,
    0,
    0,
    0,
    0,
    0.009090846668629823,
    0.034242218017562207,
    0.05939358936649458,
    0.18030321884144562,
    0.24218200705787019,
    0.27272727272727276,
    0.27272727272727276,
    0.2602598063340427,
    0.23151540543195487,
    0.22104719412765456,
    0.24848521839488633,
    0.27592324266211815,
    0.30404081849366066,
    0.3878789980338123,
    0.4722078336527967,
    0.5584415626879728,
    0.6416528709635292,
    0.6965288738248155,
    0.7514048766861015,
    0.8062808795473878,
    0.8181818181818182,
    0.8181818181818182,
    0.820259667561408,
    0.8490041060582216,
    0.8777485445550351,
    0.9064934903573285,
    0.9352384551837429,
    0.9550416163694706,
    0.9733335056777189,
    0.9916253949859672,
    1,
    1,
    0.9986666707544336,
    0.9886059356968704,
    0.9785452006393071,
    0.9712117654626526,
    0.9837876670142236,
    0.9963635685657943,
    0.9920537982776535,
    0.9808752105921223,
    0.9696966229065914,
    0.9696965997869319,
    0.9696965997869319,
    0.9696965997869319,
    0.9581817021232099,
    0.941414434645579,
    0.9128488377796725,
    0.8826670563021329,
    0.8524852748245935,
    0.8157579721971392,
    0.7780306417291334,
    0.7524582013471504,
    0.7412796136616192,
    0.7301010259760882,
    0.7272727272727273,
    0.7272727272727273,
    0.7262337260347247,
    0.697489362727264,
    0.6687449994198035,
    0.6550002613071496,
    0.6424243597555787,
    0.6259395087777776,
    0.6058183702503478,
    0.5856972317229181,
    0.5808487600422994,
    0.5909091082481794,
    0.6009694564540595,
    0.6184846465373112,
    0.6436365072084497,
    0.6666670365767046,
    0.6666670365767046,
    0.6666670365767046,
    0.664242796926787,
    0.6307074432373043,
    0.5971720895478216,
    0.5757579456676136,
    0.5757579456676136,
    0.5757579456676136,
    0.5757579456676136,
    0.5757579456676136,
    0.5757579456676136,
    0.5629093474238428,
    0.5427878404651141,
    0.5226663335063853,
    0.5151511452414773,
    0.5151511452414773,
    0.5209424615211333,
    0.5321210492066643,
    0.5432996368921953,
    0.5454545454545454,
    0.5454545454545454,
    0.5454545454545454,
    0.5454545454545454,
    0.5454545454545454,
    0.49575775978781905,
    0.4696966263749647,
    0.5535348059151156,
    0.6060602361505683,
    0.6060602361505683,
    0.7389889074753834,
    0.8115150903878142,
    0.8014543369084498,
    0.7913935834290855,
    0.78787841796875,
    0.78787841796875,
    0.78787841796875,
    0.78787841796875,
    0.78787841796875,
    0.78787841796875,
    0.7886865115695892,
    0.8222222746261824,
    0.8360176640724862,
    0.7785284111293411,
    0.7229092505987673,
    0.6826669735439077
  ]
}