{
  "x": [
    -0.2,
    -0.19,
    -0.18000000000000002,
    -0.17,
    -0.16,
    -0.15000000000000002,
    -0.14,
    -0.13,
    -0.12000000000000001,
    -0.11000000000000001,
    -0.1,
    -0.09000000000000001,
    -0.08000000000000002,
    -0.07,
    -0.06,
    -0.05000000000000002,
    -0.04000000000000001,
    -0.03,
    -0.020000000000000018,
    -0.010000000000000009,
    0,
    0.009999999999999981,
    0.01999999999999999,
    0.03,
    0.03999999999999998,
    0.04999999999999999,
    0.06,
    0.07,
    0.08000000000000002,
    0.08999999999999997,
    0.09999999999999998,
    0.10999999999999999,
    0.12,
    0.13,
    0.14,
    0.15000000000000002,
    0.15999999999999998,
    0.16999999999999998,
    0.18,
    0.19,
    0.2,
    0.21000000000000002,
    0.21999999999999997,
    0.22999999999999998,
    0.24,
    0.25,
    0.26,
    0.27,
    0.27999999999999997,
    0.29,
    0.3,
    0.31,
    0.32,
    0.33,
    0.34,
    0.35000000000000003,
    0.36000000000000004,
    0.37000000000000005,
    0.37999999999999995,
    0.38999999999999996,
    0.39999999999999997,
    0.41,
    0.42,
    0.43,
    0.44,
    0.45,
    0.46,
    0.47000000000000003,
    0.48000000000000004,
    0.49000000000000005,
    0.5,
    0.51,
    0.52,
    0.53,
    0.54,
    0.55,
    0.56,
    0.5700000000000001,
    0.5800000000000001,
    0.5900000000000001,
    0.6000000000000001,
    0.6100000000000001,
    0.6200000000000001,
    0.6300000000000001,
    0.6399999999999999,
    0.6499999999999999,
    0.6599999999999999,
    0.6699999999999999,
    0.6799999999999999,
    0.69,
    0.7,
    0.71,
    0.72,
    0.73,
    0.74,
    0.75,
    0.76,
    0.77,
    0.78,
    0.79,
    0.8,
    0.81,
    0.8200000000000001,
    0.8300000000000001,
    0.8400000000000001,
    0.8500000000000001,
    0.8600000000000001,
    0.8700000000000001,
    0.8800000000000001,
    0.8900000000000001,
    0.9000000000000001,
    0.9100000000000001,
    0.9200000000000002,
    0.9300000000000002,
    0.9400000000000002,
    0.9500000000000002,
    0.96,
    0.97,
    0.98,
    0.99,
    1,
    1.01,
    1.02,
    1.03,
    1.04,
    1.05,
    1.06,
    1.07,
    1.08,
    1.09,
    1.1,
    1.11,
    1.12,
    1.1300000000000001,
    1.1400000000000001,
    1.1500000000000001,
    1.1600000000000001,
    1.1700000000000002,
    1.1800000000000002,
    1.1900000000000002,
    1.2000000000000002,
    1.21,
    1.22,
    1.23,
    1.24
  ],
  "y": [
    0.18064506783492634,
    0.18064506783492634,
    0.18064506783492634,
    0.18064506783492634,
    0.18064506783492634,
    0.18064506783492634,
    0.18064506783492634,
    0.18064506783492634,
    0.18064506783492634,
    0.18064506783492634,
    0.18064506783492634,
    0.18064506783492634,
    0.18064506783492634,
    0.18064506783492634,
    0.18064506783492634,
    0.18064506783492634,
    0.18064506783492634,
    0.18064506783492634,
    0.18064506783492634,
    0.18064506783492634,
    0.18064506783492634,
    0.17499215000158433,
    0.16070880652471065,
    0.13077400865129327,
    0.060785222847052116,
    0.037493987082684296,
    0.0281204903120132,
    0.01874699354134211,
    0.00937349677067102,
    0,
    0.18291066493941666,
    0.2578986104991434,
    0.316574879143834,
    0.316574879143834,
    0.316574879143834,
    0.2729641351163781,
    0.1673544636091204,
    0.04934720416599064,
    0.014508816157311992,
    0.014508816157311992,
    0.014508816157311992,
    0.014508816157311992,
    0.014508816157311992,
    0.025307786593241482,
    0.2132682681797295,
    0.28825609931710644,
    0.33213132452936234,
    0.3571274208053035,
    0.38109646497781513,
    0.401093287075572,
    0.421090109173329,
    0.4466146910808845,
    0.4966066547873689,
    0.5802788043445406,
    0.6298680294936408,
    0.621536238960381,
    0.610485613907515,
    0.5979874513468454,
    0.595166333491009,
    0.6237332072571061,
    0.6531631049629225,
    0.6888715944238198,
    0.7246059772042013,
    0.764599621399715,
    0.7600083939024725,
    0.7991257749713442,
    0.8747178434613163,
    0.9308699439196682,
    0.9522950899036919,
    0.975004018146758,
    1,
    0.9885465723224247,
    0.9468867042759315,
    0.9064500795349738,
    0.8709270691559688,
    0.8509304301340275,
    0.863013048317285,
    0.8880090301705271,
    0.9097901868173913,
    0.931215332801415,
    0.9358110549509584,
    0.9358110549509584,
    0.9362857205586594,
    0.9434272615283832,
    0.9505688024981065,
    0.9441176714807717,
    0.9369761491918044,
    0.8939749642707311,
    0.8433789077085507,
    0.768390847726125,
    0.7205886820204247,
    0.6789033361606214,
    0.6289113724541371,
    0.5789194087476527,
    0.5289274450411683,
    0.4852286068944688,
    0.4558276439164762,
    0.43083175360114173,
    0.40583586328580723,
    0.38759099260602964,
    0.377592453403544,
    0.3717692152896971,
    0.3662144848497029,
    0.36188481624680313,
    0.36188481624680313,
    0.36528310358816496,
    0.3736151992481563,
    0.3650869452213456,
    0.3467818726123588,
    0.3467818726123588,
    0.3467818726123588,
    0.3504904640728134,
    0.35604499109498655,
    0.3615995181171596,
    0.37543480543669916,
    0.38971844781407533,
    0.40598691885638494,
    0.42265090675854644,
    0.4381191575544459,
    0.44436798138449357,
    0.45061680521454145,
    0.43157155916313084,
    0.39080776740022605,
    0.3033224030247536,
    0.3198224185535427,
    0.33856943354914915,
    0.3243080214633107,
    0.28444263526028823,
    0.24694877690259986,
    0.20945491854491147,
    0.20632075647488665,
    0.22298464266813767,
    0.29442337676768626,
    0.3655398572298133,
    0.4314809350577019,
    0.4914714379666715,
    0.46588191456903905,
    0.4301735185139745,
    0.4222982500840347,
    0.4222982500840347,
    0.4198817105181332,
    0.37988791986116377,
    0.3579580321364519,
    0.3508165098474843,
    0.3467818726123588
  ]
}