{
  "x": [
    -0.2,
    -0.19,
    -0.18000000000000002,
    -0.17,
    -0.16,
    -0.15000000000000002,
    -0.14,
    -0.13,
    -0.12000000000000001,
    -0.11000000000000001,
    -0.1,
    -0.09000000000000001,
    -0.08000000000000002,
    -0.07,
    -0.06,
    -0.05000000000000002,
    -0.04000000000000001,
    -0.03,
    -0.020000000000000018,
    -0.010000000000000009,
    0,
    0.009999999999999981,
    0.01999999999999999,
    0.03,
    0.03999999999999998,
    0.04999999999999999,
    0.06,
    0.07,
    0.08000000000000002,
    0.08999999999999997,
    0.09999999999999998,
    0.10999999999999999,
    0.12,
    0.13,
    0.14,
    0.15000000000000002,
    0.15999999999999998,
    0.16999999999999998,
    0.18,
    0.19,
    0.2,
    0.21000000000000002,
    0.21999999999999997,
    0.22999999999999998,
    0.24,
    0.25,
    0.26,
    0.27,
    0.27999999999999997,
    0.29,
    0.3,
    0.31,
    0.32,
    0.33,
    0.34,
    0.35000000000000003,
    0.36000000000000004,
    0.37000000000000005,
    0.37999999999999995,
    0.38999999999999996,
    0.39999999999999997,
    0.41,
    0.42,
    0.43,
    0.44,
    0.45,
    0.46,
    0.47000000000000003,
    0.48000000000000004,
    0.49000000000000005,
    0.5,
    0.51,
    0.52,
    0.53,
    0.54,
    0.55,
    0.56,
    0.5700000000000001,
    0.5800000000000001,
    0.5900000000000001,
    0.6000000000000001,
    0.6100000000000001,
    0.6200000000000001,
    0.6300000000000001,
    0.6399999999999999,
    0.6499999999999999,
    0.6599999999999999,
    0.6699999999999999,
    0.6799999999999999,
    0.69,
    0.7,
    0.71,
    0.72,
    0.73,
    0.74,
    0.75,
    0.76,
    0.77,
    0.78,
    0.79,
    0.8,
    0.81,
    0.8200000000000001,
    0.8300000000000001,
    0.8400000000000001,
    0.8500000000000001,
    0.8600000000000001,
    0.8700000000000001,
    0.8800000000000001,
    0.8900000000000001,
    0.9000000000000001,
    0.9100000000000001,
    0.9200000000000002,
    0.9300000000000002,
    0.9400000000000002,
    0.9500000000000002,
    0.96,
    0.97,
    0.98,
    0.99,
    1,
    1.01,
    1.02,
    1.03,
    1.04,
    1.05,
    1.06,
    1.07,
    1.08,
    1.09,
    1.1,
    1.11,
    1.12,
    1.1300000000000001,
    1.1400000000000001,
    1.1500000000000001,
    1.1600000000000001,
    1.1700000000000002,
    1.1800000000000002,
    1.1900000000000002,
    1.2000000000000002,
    1.21,
    1.22,
    1.23,
    1.24
  ],
  "y": [
    0.017963634593384126,
    0.017963634593384126,
    0.017963634593384126,
    0.017963634593384126,
    0.017963634593384126,
    0.017963634593384126,
    0.017963634593384126,
    0.017963634593384126,
    0.017963634593384126,
    0.017963634593384126,
    0.017963634593384126,
    0.017963634593384126,
    0.017963634593384126,
    0.017963634593384126,
    0.017963634593384126,
    0.017963634593384126,
    0.017963634593384126,
    0.017963634593384126,
    0.017963634593384126,
    0.017963634593384126,
    0.017963634593384126,
    0.011239981721304996,
    -0.005748809947438878,
    -0.04135364193519114,
    -0.12459920016893064,
    -0.15230209429516287,
    -0.16345105140750907,
    -0.17460000851985527,
    -0.18574896563220147,
    -0.1968979227445476,
    0.020658364806643667,
    0.10984998768149636,
    0.17964029311788726,
    0.17964029311788726,
    0.17964029311788726,
    0.12776911561655835,
    0.0021556197046064957,
    -0.13820372608335513,
    -0.17964095098189492,
    -0.17964095098189492,
    -0.17964095098189492,
    -0.17964095098189492,
    -0.17964095098189492,
    -0.16679651723499422,
    0.05676608691296262,
    0.14595757369240697,
    0.19814332850234337,
    0.22787400555645118,
    0.2563830936845235,
    0.28016757000169484,
    0.3039520463188662,
    0.33431131095192274,
    0.3937723928684911,
    0.4932931192029321,
    0.5522751787211769,
    0.5423652403495105,
    0.5292214853780984,
    0.5143560107552209,
    0.511000537045345,
    0.5449783425798342,
    0.5799826398416116,
    0.6224547745514537,
    0.6649577071071248,
    0.7125266597414674,
    0.7070657949529989,
    0.753592509001563,
    0.8435026834270991,
    0.9102907108937687,
    0.9357740539348669,
    0.9627843440372195,
    0.9925148849955034,
    0.978892031423271,
    0.9293412508000114,
    0.881245411431338,
    0.8389938879170669,
    0.8152096293526154,
    0.8295808501708145,
    0.8593113911290987,
    0.8852181778122713,
    0.9107015208533695,
    0.916167731638851,
    0.916167731638851,
    0.9167323049920444,
    0.925226545288434,
    0.9337207855848233,
    0.9260477277283963,
    0.9175535096511374,
    0.8664073495580144,
    0.8062277518618169,
    0.7170359928911406,
    0.6601794847630686,
    0.6105984005023448,
    0.5511373185857765,
    0.49167623666920823,
    0.4322151547526399,
    0.380239196977596,
    0.3452693150516805,
    0.3155388829697562,
    0.28580845088783186,
    0.26410776802574343,
    0.2522153774396161,
    0.2452891434444865,
    0.2386822759156139,
    0.23353251262605496,
    0.23353251262605496,
    0.23757447911425159,
    0.24748478040756053,
    0.23734116584041126,
    0.21556887803267083,
    0.21556887803267083,
    0.21556887803267083,
    0.2199799242144109,
    0.2265865497955218,
    0.2331931753766327,
    0.24964904331325652,
    0.2666381904980863,
    0.28598811831815746,
    0.30580847895701363,
    0.3242066145669916,
    0.3316390456637617,
    0.33907147676053173,
    0.3164188171804234,
    0.26793384116557606,
    0.16387762828758398,
    0.18350295808543546,
    0.2058008978281045,
    0.18883819163674953,
    0.14142179070137106,
    0.09682611535914515,
    0.05223044001691923,
    0.04850262750929865,
    0.06832286717427397,
    0.153293012481013,
    0.237879865184062,
    0.31631102770873626,
    0.38766450021143145,
    0.3572279933383238,
    0.31475596972657566,
    0.30538902459161443,
    0.30538902459161443,
    0.3025147614815205,
    0.2549456346440467,
    0.22886194531197301,
    0.22036772723471398,
    0.21556887803267083
  ]
}