{
  "x": [
    -0.2,
    -0.19,
    -0.18000000000000002,
    -0.17,
    -0.16,
    -0.15000000000000002,
    -0.14,
    -0.13,
    -0.12000000000000001,
    -0.11000000000000001,
    -0.1,
    -0.09000000000000001,
    -0.08000000000000002,
    -0.07,
    -0.06,
    -0.05000000000000002,
    -0.04000000000000001,
    -0.03,
    -0.020000000000000018,
    -0.010000000000000009,
    0,
    0.009999999999999981,
    0.01999999999999999,
    0.03,
    0.03999999999999998,
    0.04999999999999999,
    0.06,
    0.07,
    0.08000000000000002,
    0.08999999999999997,
    0.09999999999999998,
    0.10999999999999999,
    0.12,
    0.13,
    0.14,
    0.15000000000000002,
    0.15999999999999998,
    0.16999999999999998,
    0.18,
    0.19,
    0.2,
    0.21000000000000002,
    0.21999999999999997,
    0.22999999999999998,
    0.24,
    0.25,
    0.26,
    0.27,
    0.27999999999999997,
    0.29,
    0.3,
    0.31,
    0.32,
    0.33,
    0.34,
    0.35000000000000003,
    0.36000000000000004,
    0.37000000000000005,
    0.37999999999999995,
    0.38999999999999996,
    0.39999999999999997,
    0.41,
    0.42,
    0.43,
    0.44,
    0.45,
    0.46,
    0.47000000000000003,
    0.48000000000000004,
    0.49000000000000005,
    0.5,
    0.51,
    0.52,
    0.53,
    0.54,
    0.55,
    0.56,
    0.5700000000000001,
    0.5800000000000001,
    0.5900000000000001,
    0.6000000000000001,
    0.6100000000000001,
    0.6200000000000001,
    0.6300000000000001,
    0.6399999999999999,
    0.6499999999999999,
    0.6599999999999999,
    0.6699999999999999,
    0.6799999999999999,
    0.69,
    0.7,
    0.71,
    0.72,
    0.73,
    0.74,
    0.75,
    0.76,
    0.77,
    0.78,
    0.79,
    0.8,
    0.81,
    0.8200000000000001,
    0.8300000000000001,
    0.8400000000000001,
    0.8500000000000001,
    0.8600000000000001,
    0.8700000000000001,
    0.8800000000000001,
    0.8900000000000001,
    0.9000000000000001,
    0.9100000000000001,
    0.9200000000000002,
    0.9300000000000002,
    0.9400000000000002,
    0.9500000000000002,
    0.96,
    0.97,
    0.98,
    0.99,
    1,
    1.01,
    1.02,
    1.03,
    1.04,
    1.05,
    1.06,
    1.07,
    1.08,
    1.09,
    1.1,
    1.11,
    1.12,
    1.1300000000000001,
    1.1400000000000001,
    1.1500000000000001,
    1.1600000000000001,
    1.1700000000000002,
    1.1800000000000002,
    1.1900000000000002,
    1.2000000000000002,
    1.21,
    1.22,
    1.23,
    1.24
  ],
  "y": [
    0.018182040127840908,
    0.018182040127840908,
    0.018182040127840908,
    0.018182040127840908,
    0.018182040127840908,
    0.018182040127840908,
    0.018182040127840908,
    0.018182040127840908,
    0.018182040127840908,
    0.018182040127840908,
    0.018182040127840908,
    0.018182040127840908,
    0.018182040127840908,
    0.018182040127840908,
    0.018182040127840908,
    0.018182040127840908,
    0.028800153209362855,
    0.04069099153832047,
    0.05258182986727804,
    0.06281828280362214,
    0.07272749467329545,
    0.05786394336010105,
    0.04300039204690661,
    0.029050847340442918,
    0.015838564847545214,
    0.0026262823546474717,
    0,
    0,
    0,
    0,
    0,
    0.0019596260456876233,
    0.008565767292136494,
    0.015171908538585367,
    0.03436392309018978,
    0.0640912638577382,
    0.09090953480113637,
    0.09090953480113637,
    0.09090953480113637,
    0.1102731711647727,
    0.14000044389204544,
    0.17242462047230114,
    0.20545484286221577,
    0.236788105912642,
    0.2433942471590909,
    0.2500003884055398,
    0.25454589843750003,
    0.25454589843750003,
    0.25454589843750003,
    0.25454589843750003,
    0.25454589843750003,
    0.25454589843750003,
    0.25454589843750003,
    0.25454589843750003,
    0.25454589843750003,
    0.25454589843750003,
    0.25600040838068183,
    0.26260630770596594,
    0.26921220703124993,
    0.2758182195490056,
    0.28242436079545447,
    0.2890305020419034,
    0.29800030850497156,
    0.30790952037464486,
    0.3195640227272376,
    0.3314548664993924,
    0.34334571027154714,
    0.3454547674005682,
    0.3454547674005682,
    0.3454547674005682,
    0.3454547674005682,
    0.3454547674005682,
    0.3454547674005682,
    0.3454547674005682,
    0.3454547674005682,
    0.3454547674005682,
    0.3454547674005682,
    0.3454547674005682,
    0.3454547674005682,
    0.3454547674005682,
    0.3454547674005682,
    0.3454547674005682,
    0.3454547674005682,
    0.34775026208718046,
    0.3551821653193431,
    0.3626140685515059,
    0.3636368075284091,
    0.3636368075284091,
    0.3636368075284091,
    0.35885494149518254,
    0.35290939985789604,
    0.34696385822060954,
    0.349891201971065,
    0.3558367218351543,
    0.3617822416992436,
    0.3636368075284091,
    0.3636368075284091,
    0.359327655295707,
    0.34149131343222155,
    0.3236549715687361,
    0.30909135298295454,
    0.30909135298295454,
    0.30909135298295454,
    0.30909135298295454,
    0.30909135298295454,
    0.30909135298295454,
    0.30909135298295454,
    0.30909135298295454,
    0.30909135298295454,
    0.30909135298295454,
    0.30909135298295454,
    0.30909135298295454,
    0.30909135298295454,
    0.30909135298295454,
    0.30909135298295454,
    0.30909135298295454,
    0.30909135298295454,
    0.30909135298295454,
    0.30909135298295454,
    0.30909135298295454,
    0.31313170770217075,
    0.3197377279880372,
    0.32634374827390367,
    0.33294976855977015,
    0.33955578884563664,
    0.3454547674005682,
    0.3454547674005682,
    0.3454547674005682,
    0.3454547674005682,
    0.3454547674005682,
    0.3086366979422168,
    0.3043410683024059,
    0.32663655686807624,
    0.3454547674005682,
    0.3454547674005682,
    0.3454547674005682,
    0.3321214666193176,
    0.29909124422940286,
    0.26606102183948815,
    0.27390944616130886,
    0.3036365828077188,
    0.32553248134822504,
    0.31703919702682937,
    0.3080500295133169,
    0.2918351354861029
  ]
}