{
  "x": [
    -0.2,
    -0.19,
    -0.18000000000000002,
    -0.17,
    -0.16,
    -0.15000000000000002,
    -0.14,
    -0.13,
    -0.12000000000000001,
    -0.11000000000000001,
    -0.1,
    -0.09000000000000001,
    -0.08000000000000002,
    -0.07,
    -0.06,
    -0.05000000000000002,
    -0.04000000000000001,
    -0.03,
    -0.020000000000000018,
    -0.010000000000000009,
    0,
    0.009999999999999981,
    0.01999999999999999,
    0.03,
    0.03999999999999998,
    0.04999999999999999,
    0.06,
    0.07,
    0.08000000000000002,
    0.08999999999999997,
    0.09999999999999998,
    0.10999999999999999,
    0.12,
    0.13,
    0.14,
    0.15000000000000002,
    0.15999999999999998,
    0.16999999999999998,
    0.18,
    0.19,
    0.2,
    0.21000000000000002,
    0.21999999999999997,
    0.22999999999999998,
    0.24,
    0.25,
    0.26,
    0.27,
    0.27999999999999997,
    0.29,
    0.3,
    0.31,
    0.32,
    0.33,
    0.34,
    0.35000000000000003,
    0.36000000000000004,
    0.37000000000000005,
    0.37999999999999995,
    0.38999999999999996,
    0.39999999999999997,
    0.41,
    0.42,
    0.43,
    0.44,
    0.45,
    0.46,
    0.47000000000000003,
    0.48000000000000004,
    0.49000000000000005,
    0.5,
    0.51,
    0.52,
    0.53,
    0.54,
    0.55,
    0.56,
    0.5700000000000001,
    0.5800000000000001,
    0.5900000000000001,
    0.6000000000000001,
    0.6100000000000001,
    0.6200000000000001,
    0.6300000000000001,
    0.6399999999999999,
    0.6499999999999999,
    0.6599999999999999,
    0.6699999999999999,
    0.6799999999999999,
    0.69,
    0.7,
    0.71,
    0.72,
    0.73,
    0.74,
    0.75,
    0.76,
    0.77,
    0.78,
    0.79,
    0.8,
    0.81,
    0.8200000000000001,
    0.8300000000000001,
    0.8400000000000001,
    0.8500000000000001,
    0.8600000000000001,
    0.8700000000000001,
    0.8800000000000001,
    0.8900000000000001,
    0.9000000000000001,
    0.9100000000000001,
    0.9200000000000002,
    0.9300000000000002,
    0.9400000000000002,
    0.9500000000000002,
    0.96,
    0.97,
    0.98,
    0.99,
    1,
    1.01,
    1.02,
    1.03,
    1.04,
    1.05,
    1.06,
    1.07,
    1.08,
    1.09,
    1.1,
    1.11,
    1.12,
    1.1300000000000001,
    1.1400000000000001,
    1.1500000000000001,
    1.1600000000000001,
    1.1700000000000002,
    1.1800000000000002,
    1.1900000000000002,
    1.2000000000000002,
    1.21,
    1.22,
    1.23,
    1.24
  ],
  "y": [
    0.05000054931573569,
    0.05000054931573569,
    0.05000054931573569,
    0.05000054931573569,
    0.05000054931573569,
    0.05000054931573569,
    0.05000054931573569,
    0.05000054931573569,
    0.05000054931573569,
    0.05000054931573569,
    0.05000054931573569,
    0.05000054931573569,
    0.05000054931573569,
    0.05000054931573569,
    0.05000054931573569,
    0.05000054931573569,
    0.07920032464566405,
    0.11190009013359156,
    0.14459985562151897,
    0.17275006683341446,
    0.20000036621049044,
    0.15912564999509965,
    0.11825093377970877,
    0.07988973266457171,
    0.043556000161803825,
    0.007222267659035846,
    0,
    0,
    0,
    0,
    0,
    0.00538896504731449,
    0.02355583129869848,
    0.041722697550082476,
    0.09450067314075486,
    0.17625076045892596,
    0.25000091552622616,
    0.25000091552622616,
    0.25000091552622616,
    0.303250850523864,
    0.3850007507315054,
    0.47416712748153383,
    0.5650001281736713,
    0.6511664963787884,
    0.6693333626301725,
    0.6875002288815566,
    0.7000003662104906,
    0.7000003662104906,
    0.7000003662104906,
    0.7000003662104906,
    0.7000003662104906,
    0.7000003662104906,
    0.7000003662104906,
    0.7000003662104906,
    0.7000003662104906,
    0.7000003662104906,
    0.7040002636715531,
    0.7221664646405461,
    0.7403326656095388,
    0.7584991778574487,
    0.7766660441088327,
    0.7948329103602167,
    0.8194998480226463,
    0.8467501473997223,
    0.8787999897460097,
    0.9114997702027111,
    0.9441995506594125,
    0.9499994506842643,
    0.9499994506842643,
    0.9499994506842643,
    0.9499994506842643,
    0.9499994506842643,
    0.9499994506842643,
    0.9499994506842643,
    0.9499994506842643,
    0.9499994506842643,
    0.9499994506842643,
    0.9499994506842643,
    0.9499994506842643,
    0.9499994506842643,
    0.9499994506842643,
    0.9499994506842643,
    0.9499994506842643,
    0.9563120533666343,
    0.9767497623067063,
    0.9971874712467789,
    1,
    1,
    1,
    0.9868498844610141,
    0.9704996649172403,
    0.9541494453734666,
    0.9621996308603324,
    0.978549790527887,
    0.9948999501954416,
    1,
    1,
    0.9881498458255894,
    0.9390999655763466,
    0.8900500853271037,
    0.8500001831052452,
    0.8500001831052452,
    0.8500001831052452,
    0.8500001831052452,
    0.8500001831052452,
    0.8500001831052452,
    0.8500001831052452,
    0.8500001831052452,
    0.8500001831052452,
    0.8500001831052452,
    0.8500001831052452,
    0.8500001831052452,
    0.8500001831052452,
    0.8500001831052452,
    0.8500001831052452,
    0.8500001831052452,
    0.8500001831052452,
    0.8500001831052452,
    0.8500001831052452,
    0.8500001831052452,
    0.8611111450199038,
    0.8792776786300922,
    0.8974442122402807,
    0.9156107458504692,
    0.9337772794606577,
    0.9499994506842643,
    0.9499994506842643,
    0.9499994506842643,
    0.9499994506842643,
    0.9499994506842643,
    0.8487498832694614,
    0.8369369161801072,
    0.8982494348913175,
    0.9499994506842643,
    0.9499994506842643,
    0.9499994506842643,
    0.9133329182947758,
    0.8224999176026381,
    0.7316669169105005,
    0.7532500574489003,
    0.8349995834346259,
    0.8952132309180303,
    0.8718567275455489,
    0.8471365470593911,
    0.8025456429168087
  ]
}