{
  "x": [
    -0.2,
    -0.19,
    -0.18000000000000002,
    -0.17,
    -0.16,
    -0.15000000000000002,
    -0.14,
    -0.13,
    -0.12000000000000001,
    -0.11000000000000001,
    -0.1,
    -0.09000000000000001,
    -0.08000000000000002,
    -0.07,
    -0.06,
    -0.05000000000000002,
    -0.04000000000000001,
    -0.03,
    -0.020000000000000018,
    -0.010000000000000009,
    0,
    0.009999999999999981,
    0.01999999999999999,
    0.03,
    0.03999999999999998,
    0.04999999999999999,
    0.06,
    0.07,
    0.08000000000000002,
    0.08999999999999997,
    0.09999999999999998,
    0.10999999999999999,
    0.12,
    0.13,
    0.14,
    0.15000000000000002,
    0.15999999999999998,
    0.16999999999999998,
    0.18,
    0.19,
    0.2,
    0.21000000000000002,
    0.21999999999999997,
    0.22999999999999998,
    0.24,
    0.25,
    0.26,
    0.27,
    0.27999999999999997,
    0.29,
    0.3,
    0.31,
    0.32,
    0.33,
    0.34,
    0.35000000000000003,
    0.36000000000000004,
    0.37000000000000005,
    0.37999999999999995,
    0.38999999999999996,
    0.39999999999999997,
    0.41,
    0.42,
    0.43,
    0.44,
    0.45,
    0.46,
    0.47000000000000003,
    0.48000000000000004,
    0.49000000000000005,
    0.5,
    0.51,
    0.52,
    0.53,
    0.54,
    0.55,
    0.56,
    0.5700000000000001,
    0.5800000000000001,
    0.5900000000000001,
    0.6000000000000001,
    0.6100000000000001,
    0.6200000000000001,
    0.6300000000000001,
    0.6399999999999999,
    0.6499999999999999,
    0.6599999999999999,
    0.6699999999999999,
    0.6799999999999999,
    0.69,
    0.7,
    0.71,
    0.72,
    0.73,
    0.74,
    0.75,
    0.76,
    0.77,
    0.78,
    0.79,
    0.8,
    0.81,
    0.8200000000000001,
    0.8300000000000001,
    0.8400000000000001,
    0.8500000000000001,
    0.8600000000000001,
    0.8700000000000001,
    0.8800000000000001,
    0.8900000000000001,
    0.9000000000000001,
    0.9100000000000001,
    0.9200000000000002,
    0.9300000000000002,
    0.9400000000000002,
    0.9500000000000002,
    0.96,
    0.97,
    0.98,
    0.99,
    1,
    1.01,
    1.02,
    1.03,
    1.04,
    1.05,
    1.06,
    1.07,
    1.08,
    1.09,
    1.1,
    1.11,
    1.12,
    1.1300000000000001,
    1.1400000000000001,
    1.1500000000000001,
    1.1600000000000001,
    1.1700000000000002,
    1.1800000000000002,
    1.1900000000000002,
    1.2000000000000002,
    1.21,
    1.22,
    1.23,
    1.24
  ],
  "y": [
    0.03592792705077592,
    0.03592792705077592,
    0.03592792705077592,
    0.03592792705077592,
    0.03592792705077592,
    0.03592792705077592,
    0.03592792705077592,
    0.03592792705077592,
    0.03592792705077592,
    0.03592792705077592,
    0.03592792705077592,
    0.03592792705077592,
    0.03592792705077592,
    0.03592792705077592,
    0.03592792705077592,
    0.03592792705077592,
    0.03592792705077592,
    0.03592792705077592,
    0.03592792705077592,
    0.03592792705077592,
    0.03592792705077592,
    0.03592792705077592,
    0.03592792705077592,
    0.03592792705077592,
    0.03592792705077592,
    0.0008979782029965994,
    -0.09844302886739903,
    -0.15176037093006572,
    -0.1465867926564294,
    -0.057125779815527605,
    0.8443110552072889,
    1.7985631657994015,
    2.0902998873078955,
    2.1639523556794478,
    2.05820396401062,
    1.0562873707872837,
    0.375808511576467,
    -0.19041910542348514,
    -0.2145772499995176,
    -0.2133844211698139,
    -0.2121915923401102,
    -0.21099876351040653,
    -0.20980593468070283,
    -0.20861310585099915,
    -0.20742027702129545,
    -0.20622744819159175,
    -0.20503461936188808,
    -0.20384179053218437,
    -0.2026489617024807,
    -0.201456132872777,
    -0.2002633040430733,
    -0.19907047521336962,
    -0.19787764638366592,
    0.20011862604292183,
    0.5543713780476839,
    0.7520948509780606,
    1.0354481994542875,
    1.3207182230310348,
    1.487137272929181,
    1.6302753521381637,
    1.8035923322014762,
    1.9520477790829103,
    2.0856290495642225,
    2.2347300323497934,
    2.356167205347645,
    2.4768858046742728,
    2.608096001831008,
    2.7162705803527136,
    2.8099914454862485,
    2.928718432756577,
    3.071856511965559,
    3.1712578345207367,
    3.2721920420822856,
    3.3795452083490263,
    3.464371535112569,
    3.485748785418542,
    3.4499643966629616,
    3.3714975375051206,
    3.255091005616053,
    3.041317953241629,
    2.897605004963922,
    2.7610780154340806,
    2.6119770326485097,
    2.455329797095003,
    2.336048355636022,
    2.1497010263926977,
    1.9920007541735822,
    1.845988866639212,
    1.7174855925960992,
    1.6081440285799833,
    1.5197605243439294,
    1.460119803614437,
    1.4000479156571655,
    1.3046233740373503,
    1.2323358338759791,
    1.1826349905893552,
    1.1537724487869319,
    1.1338922085437675,
    1.1140119683006033,
    1.076946246260692,
    1.0396708299315056,
    1.012455223034538,
    0.9925749827913739,
    0.9726947425482099,
    0.9752336426387893,
    0.9811977802349113,
    0.9871619178310334,
    0.9816469613102723,
    0.9741917688388471,
    0.9523354749734588,
    0.9125748731477735,
    0.9045507892573181,
    0.9144910307182571,
    0.8595043306169827,
    0.7913437297939524,
    0.7077849488624456,
    0.6234731813330879,
    0.5439519776817174,
    0.4785630736973867,
    0.44910204852273344,
    0.44910204852273344,
    0.4571498828676674,
    0.5406461929776736,
    0.5631137427133338,
    0.5432335024701698,
    0.5233532622270056,
    0.8330532528497374,
    1.0146101793957072,
    1.1288614544978488,
    1.2183225355920875,
    1.2610781119196524,
    1.221317874112038,
    1.1044328324137485,
    0.9875935324095492,
    0.9124723787403274,
    0.8869121144298229,
    0.8558098273125492,
    0.7092221169266638,
    0.6150901240797293,
    0.5554494033502368,
    0.5167664682894667,
    0.5068265908465989,
    0.42053976426462614,
    0.31077869224558285,
    0.25149680508344674
  ]
}