{
  "x": [
    -0.2,
    -0.19,
    -0.18000000000000002,
    -0.17,
    -0.16,
    -0.15000000000000002,
    -0.14,
    -0.13,
    -0.12000000000000001,
    -0.11000000000000001,
    -0.1,
    -0.09000000000000001,
    -0.08000000000000002,
    -0.07,
    -0.06,
    -0.05000000000000002,
    -0.04000000000000001,
    -0.03,
    -0.020000000000000018,
    -0.010000000000000009,
    0,
    0.009999999999999981,
    0.01999999999999999,
    0.03,
    0.03999999999999998,
    0.04999999999999999,
    0.06,
    0.07,
    0.08000000000000002,
    0.08999999999999997,
    0.09999999999999998,
    0.10999999999999999,
    0.12,
    0.13,
    0.14,
    0.15000000000000002,
    0.15999999999999998,
    0.16999999999999998,
    0.18,
    0.19,
    0.2,
    0.21000000000000002,
    0.21999999999999997,
    0.22999999999999998,
    0.24,
    0.25,
    0.26,
    0.27,
    0.27999999999999997,
    0.29,
    0.3,
    0.31,
    0.32,
    0.33,
    0.34,
    0.35000000000000003,
    0.36000000000000004,
    0.37000000000000005,
    0.37999999999999995,
    0.38999999999999996,
    0.39999999999999997,
    0.41,
    0.42,
    0.43,
    0.44,
    0.45,
    0.46,
    0.47000000000000003,
    0.48000000000000004,
    0.49000000000000005,
    0.5,
    0.51,
    0.52,
    0.53,
    0.54,
    0.55,
    0.56,
    0.5700000000000001,
    0.5800000000000001,
    0.5900000000000001,
    0.6000000000000001,
    0.6100000000000001,
    0.6200000000000001,
    0.6300000000000001,
    0.6399999999999999,
    0.6499999999999999,
    0.6599999999999999,
    0.6699999999999999,
    0.6799999999999999,
    0.69,
    0.7,
    0.71,
    0.72,
    0.73,
    0.74,
    0.75,
    0.76,
    0.77,
    0.78,
    0.79,
    0.8,
    0.81,
    0.8200000000000001,
    0.8300000000000001,
    0.8400000000000001,
    0.8500000000000001,
    0.8600000000000001,
    0.8700000000000001,
    0.8800000000000001,
    0.8900000000000001,
    0.9000000000000001,
    0.9100000000000001,
    0.9200000000000002,
    0.9300000000000002,
    0.9400000000000002,
    0.9500000000000002,
    0.96,
    0.97,
    0.98,
    0.99,
    1,
    1.01,
    1.02,
    1.03,
    1.04,
    1.05,
    1.06,
    1.07,
    1.08,
    1.09,
    1.1,
    1.11,
    1.12,
    1.1300000000000001,
    1.1400000000000001,
    1.1500000000000001,
    1.1600000000000001,
    1.1700000000000002,
    1.1800000000000002,
    1.1900000000000002,
    1.2000000000000002,
    1.21,
    1.22,
    1.23,
    1.24
  ],
  "y": [
    0.06769813650271811,
    0.06769813650271811,
    0.06769813650271811,
    0.06769813650271811,
    0.06769813650271811,
    0.06769813650271811,
    0.06769813650271811,
    0.06769813650271811,
    0.06769813650271811,
    0.06769813650271811,
    0.06769813650271811,
    0.06769813650271811,
    0.06769813650271811,
    0.06769813650271811,
    0.06769813650271811,
    0.06769813650271811,
    0.06769813650271811,
    0.06769813650271811,
    0.06769813650271811,
    0.06769813650271811,
    0.06769813650271811,
    0.06769813650271811,
    0.06769813650271811,
    0.06769813650271811,
    0.06769813650271811,
    0.05823141694544491,
    0.0313848617717811,
    0.016976038994454413,
    0.0183741801917751,
    0.04255070193191808,
    0.2861608126071989,
    0.5440440643689054,
    0.6228848796689912,
    0.6427891982794541,
    0.6142110701208416,
    0.34344666081382746,
    0.1595496601988704,
    0.006528652974035327,
    0,
    0.0003223577647716485,
    0.000644715529543297,
    0.000967073294314938,
    0.0012894310590865865,
    0.0016117888238582276,
    0.001934146588629876,
    0.0022565043534015245,
    0.0025788621181731656,
    0.002901219882944814,
    0.003223577647716455,
    0.0035459354124881036,
    0.003868293177259752,
    0.004190650942031393,
    0.004513008706803041,
    0.11207009114146543,
    0.20780564217507563,
    0.2612397101566118,
    0.33781494859886807,
    0.41490816169583716,
    0.45988232027139203,
    0.4985648790078173,
    0.5454031787696196,
    0.5855227372789178,
    0.6216226023185725,
    0.6619166146186874,
    0.6947345803426541,
    0.7273583540780377,
    0.7628174449529614,
    0.7920512415120488,
    0.8173789732406791,
    0.8494645208745689,
    0.8881470796109939,
    0.915009934830709,
    0.9422870467920461,
    0.971298859599674,
    0.9942228738491261,
    1,
    0.9903293957307907,
    0.9691240050687822,
    0.9376655522797928,
    0.8798941423207046,
    0.8410562272553446,
    0.8041602920801576,
    0.7638662797800426,
    0.7215329194074319,
    0.6892975324936124,
    0.6389378270353145,
    0.5963198872349643,
    0.5568606919811401,
    0.522133137486447,
    0.49258396723238235,
    0.46869863837484876,
    0.4525809449179385,
    0.43634673004544156,
    0.4105585857828957,
    0.39102313418499235,
    0.37759165738783795,
    0.36979165773208805,
    0.3644190932464512,
    0.35904652876081444,
    0.3490296487115613,
    0.33895609952362465,
    0.3316011781906203,
    0.32622861370498357,
    0.32085604921934685,
    0.3215421779729426,
    0.32315396502603894,
    0.3247657520791352,
    0.32327535462010754,
    0.321260615270097,
    0.3153540292946483,
    0.30460886753184346,
    0.3024403872915478,
    0.3051267023258975,
    0.290266741453541,
    0.27184658058916744,
    0.24926511610962832,
    0.22648015967001767,
    0.20498983614440802,
    0.18731871652995946,
    0.17935697886342308,
    0.17935697886342308,
    0.1815318775798884,
    0.2040964595412649,
    0.21016823524984024,
    0.2047956707642035,
    0.19942310627856674,
    0.2831184314089487,
    0.33218354751174034,
    0.36305954979061345,
    0.3872360899759789,
    0.3987906329860611,
    0.38804556959785014,
    0.3564578012283843,
    0.3248823943896735,
    0.30458116878139146,
    0.29767359791713466,
    0.28926831502595834,
    0.2496535056867797,
    0.2242146681503193,
    0.208096974693409,
    0.19764304855541137,
    0.19495683189565563,
    0.17163812274514584,
    0.14197558193969959,
    0.12595486198294084
  ]
}